<?xml version="1.0" encoding="UTF-8"?>
<beans xmlns="http://www.springframework.org/schema/beans"
 xmlns:xsi="http://www.w3.org/2001/XMLSchema-instance"
 xmlns:context="http://www.springframework.org/schema/context"
 xmlns:p="http://www.springframework.org/schema/p"
 xmlns:tx="http://www.springframework.org/schema/tx"
 xsi:schemaLocation="http://www.springframework.org/schema/beans
 https://www.springframework.org/schema/beans/spring-beans.xsd
 http://www.springframework.org/schema/context
 http://www.springframework.org/schema/context/spring-context.xsd
 http://www.springframework.org/schema/tx
 http://www.springframework.org/schema/tx/spring-tx.xsd">
 
 <tx:annotation-driven />

 <bean class="org.springframework.jdbc.datasource.DriverManagerDataSource" name="ds">
	<property name="driverClassName" value="com.mysql.cj.jdbc.Driver"/>
	<property name="url" value="jdbc:mysql://localhost:3306/springjdbc"/>
	<property name="username" value="root"/>
	<property name="password" value="root"/>
 </bean>
 
 <bean class="org.springframework.orm.hibernate5.LocalSessionFactoryBean" name="ls">
 <property name="dataSource" ref="ds"/>
 <property name="hibernateProperties">
 	<props>
 	<prop key="hibernate.dialect">org.hibernate.dialect.MySQL8Dialect</prop>
 	<prop key="hibernate.show_sql">true</prop>
 	<prop key="hbm2ddl.auto">update</prop>
 	</props>
 </property>
 <property name="annotatedClasses">
 	<list>
 	<value>com.spring.orm.entity.client</value>
 	</list>
 </property>
 </bean>
 
<bean class="org.springframework.orm.hibernate5.HibernateTemplate" name="hibernate">
<property name="sessionFactory" ref="ls"/>
</bean> 
 
<bean class="com.spring.orm.dao.clientDao" name="cDao">
	<property name="ht" ref="hibernate"/>
</bean>

 <bean class="org.springframework.orm.hibernate5.HibernateTransactionManager" name="transactionManager">
 	<property name="sessionFactory" ref="ls"/>
 </bean>

</beans>